condition,site,label_site,wildtype,mutation,site_total escape,site_max escape,dnds
LY-CoV016,15,345,T,S,0.02475,0.005953,0.509
LY-CoV016,16,346,R,K,0.07124,0.03801,1.191
LY-CoV016,16,346,R,T,0.07124,0.03801,1.191
LY-CoV016,42,372,A,T,0.04719,0.01273,0.396
LY-CoV016,72,402,I,V,0.03889,0.03216,0.156
LY-CoV016,73,403,R,K,0.04887,0.01594,1.191
LY-CoV016,73,403,R,T,0.04887,0.01594,1.191
LY-CoV016,87,417,K,N,17.83,0.9972,2.327
LY-CoV016,87,417,K,V,17.83,0.9972,2.327
LY-CoV016,109,439,N,K,0.03038,0.01282,2.327
LY-CoV016,109,439,N,V,0.03038,0.01282,2.409
LY-CoV016,110,440,N,H,0.07464,0.01274,1.105
LY-CoV016,110,440,N,K,0.07464,0.01274,1.105
LY-CoV016,111,441,L,I,0.1098,0.08864,1.993
LY-CoV016,111,441,L,Q,0.1098,0.08864,1.993
LY-CoV016,113,443,S,A,0.02766,0.01443,0.338
LY-CoV016,114,444,K,L,0.0349,0.003792,1.875
LY-CoV016,115,445,V,E,0.1308,0.03892,2.292
LY-CoV016,115,445,V,T,0.1308,0.03892,2.292
LY-CoV016,119,449,Y,F,0.04404,0.007298,0.25
LY-CoV016,120,450,N,G,0.07775,0.0136,0.707
LY-CoV016,129,459,S,A,0.6477,0.597,0.253
LY-CoV016,130,460,N,K,15.93,0.9961,0.162
LY-CoV016,148,478,T,K,0.03662,0.007877,0.359
LY-CoV016,153,483,V,Q,0.05859,0.01592,2.223
LY-CoV016,154,484,E,K,0.9369,0.3243,2.453
LY-CoV016,154,484,E,T,0.9369,0.3243,2.453
LY-CoV016,154,484,E,V,0.9369,0.3243,2.453
LY-CoV016,156,486,F,L,4.421,0.8201,0.385
LY-CoV016,160,490,F,Y,0.1305,0.06103,0.297
LY-CoV016,163,493,Q,E,1.01,0.4914,2.232
LY-CoV016,163,493,Q,Y,1.01,0.4914,2.232
LY-CoV016,164,494,S,R,0.1496,0.06384,2.073
LY-CoV016,168,498,Q,H,0.06488,0.02017,1.698
LY-CoV016,168,498,Q,Y,0.06488,0.02017,1.698
LY-CoV016,171,501,N,T,1.495,0.484,2.274
LY-CoV016,171,501,N,Y,1.495,0.484,2.274
LY-CoV016,174,504,G,N,6.418,0.9016,0.727
LY-CoV016,175,505,Y,H,0.0653,0.03176,0.566
LY-CoV016,178,508,Y,F,0.02635,0.009064,0.243
LY-CoV016,189,519,H,N,0.1374,0.06839,0.298
LY-CoV016,190,520,A,G,0.1135,0.0219,0.327
LY-CoV016,199,529,K,L,0.1006,0.03956,1.736
REGN10933 + REGN10987,15,345,T,S,0.01082,0.001857,0.509
REGN10933 + REGN10987,16,346,R,A,0.0275,0.001958,1.191
REGN10933 + REGN10987,16,346,R,C,0.0275,0.001958,1.191
REGN10933 + REGN10987,16,346,R,D,0.0275,0.001958,1.191
REGN10933 + REGN10987,16,346,R,E,0.0275,0.001958,1.191
REGN10933 + REGN10987,16,346,R,F,0.0275,0.001958,1.191
REGN10933 + REGN10987,16,346,R,G,0.0275,0.001958,1.191
REGN10933 + REGN10987,16,346,R,H,0.0275,0.001958,1.191
REGN10933 + REGN10987,16,346,R,I,0.0275,0.001958,1.191
REGN10933 + REGN10987,16,346,R,K,0.0275,0.001958,1.191
REGN10933 + REGN10987,16,346,R,T,0.0275,0.001958,1.191
REGN10933 + REGN10987,42,372,A,T,0.03303,0.006688,0.396
REGN10933 + REGN10987,72,402,I,V,0.004934,0.002082,0.156
REGN10933 + REGN10987,73,403,R,K,0.007495,0.001585,1.191
REGN10933 + REGN10987,73,403,R,T,0.007495,0.001585,1.191
REGN10933 + REGN10987,87,417,K,N,0.04874,0.008379,2.327
REGN10933 + REGN10987,87,417,K,V,0.04874,0.008379,2.327
REGN10933 + REGN10987,109,439,N,K,0.07157,0.05335,2.327
REGN10933 + REGN10987,109,439,N,V,0.07157,0.05335,2.409
REGN10933 + REGN10987,110,440,N,H,0.03014,0.002889,1.105
REGN10933 + REGN10987,110,440,N,K,0.03014,0.002889,1.105
REGN10933 + REGN10987,111,441,L,I,0.01422,0.002216,1.993
REGN10933 + REGN10987,111,441,L,Q,0.01422,0.002216,1.993
REGN10933 + REGN10987,113,443,S,A,0.01244,0.001965,0.338
REGN10933 + REGN10987,114,444,K,L,0.1063,0.06092,1.875
REGN10933 + REGN10987,115,445,V,E,0.04419,0.004519,2.292
REGN10933 + REGN10987,115,445,V,T,0.04419,0.004519,2.292
REGN10933 + REGN10987,119,449,Y,F,0.02799,0.001578,0.25
REGN10933 + REGN10987,120,450,N,G,0.03089,0.003204,0.707
REGN10933 + REGN10987,129,459,S,A,0.02631,0.001588,0.253
REGN10933 + REGN10987,130,460,N,K,0.02777,0.001915,0.162
REGN10933 + REGN10987,148,478,T,K,0.02758,0.001631,0.359
REGN10933 + REGN10987,153,483,V,Q,0.02697,0.001623,2.223
REGN10933 + REGN10987,154,484,E,K,0.04668,0.01135,2.453
REGN10933 + REGN10987,154,484,E,T,0.04668,0.01135,2.453
REGN10933 + REGN10987,154,484,E,V,0.04668,0.01135,2.453
REGN10933 + REGN10987,156,486,F,L,0.09269,0.02433,0.385
REGN10933 + REGN10987,160,490,F,Y,0.02904,0.002517,0.297
REGN10933 + REGN10987,163,493,Q,E,0.3921,0.3601,2.232
REGN10933 + REGN10987,163,493,Q,Y,0.3921,0.3601,2.232
REGN10933 + REGN10987,164,494,S,R,0.02305,0.001641,2.073
REGN10933 + REGN10987,168,498,Q,H,0.0287,0.002929,1.698
REGN10933 + REGN10987,168,498,Q,Y,0.0287,0.002929,1.698
REGN10933 + REGN10987,171,501,N,T,0.02358,0.001583,2.274
REGN10933 + REGN10987,171,501,N,Y,0.02358,0.001583,2.274
REGN10933 + REGN10987,174,504,G,N,0.02876,0.00216,0.727
REGN10933 + REGN10987,175,505,Y,H,0.009147,0.001739,0.566
REGN10933 + REGN10987,190,520,A,G,0.02467,0.001598,0.327
REGN10933 + REGN10987,199,529,K,L,0.02728,0.002191,1.736
REGN10933,15,345,T,S,0.01565,0.004604,0.509
REGN10933,16,346,R,K,0.07234,0.02114,1.191
REGN10933,16,346,R,T,0.07234,0.02114,1.191
REGN10933,42,372,A,T,0.05597,0.01366,0.396
REGN10933,72,402,I,V,0.02482,0.02017,0.156
REGN10933,73,403,R,K,0.01352,0.005701,1.191
REGN10933,73,403,R,T,0.01352,0.005701,1.191
REGN10933,87,417,K,N,4.555,0.8196,2.327
REGN10933,87,417,K,V,4.555,0.8196,2.327
REGN10933,109,439,N,K,0.03752,0.01552,2.327
REGN10933,109,439,N,V,0.03752,0.01552,2.409
REGN10933,110,440,N,H,0.0712,0.009207,1.105
REGN10933,110,440,N,K,0.0712,0.009207,1.105
REGN10933,111,441,L,I,0.07035,0.05488,1.993
REGN10933,111,441,L,Q,0.07035,0.05488,1.993
REGN10933,113,443,S,A,0.02013,0.0038,0.338
REGN10933,114,444,K,L,0.0516,0.009312,1.875
REGN10933,115,445,V,E,0.05938,0.0101,2.292
REGN10933,115,445,V,T,0.05938,0.0101,2.292
REGN10933,119,449,Y,F,0.04662,0.007334,0.25
REGN10933,120,450,N,G,0.07201,0.0117,0.707
REGN10933,129,459,S,A,0.04876,0.008479,0.253
REGN10933,130,460,N,K,0.05925,0.02696,0.162
REGN10933,148,478,T,K,0.06137,0.01131,0.359
REGN10933,153,483,V,Q,0.04267,0.007235,2.223
REGN10933,154,484,E,K,3.038,0.5552,2.453
REGN10933,154,484,E,T,3.038,0.5552,2.453
REGN10933,154,484,E,V,3.038,0.5552,2.453
REGN10933,156,486,F,L,14.32,0.9875,0.385
REGN10933,160,490,F,Y,0.0753,0.02526,0.297
REGN10933,163,493,Q,Y,5.031,0.7925,2.232
REGN10933,164,494,S,R,0.05958,0.01418,2.232
REGN10933,168,498,Q,H,0.03628,0.008501,1.698
REGN10933,168,498,Q,Y,0.03628,0.008501,1.698
REGN10933,171,501,N,T,0.06835,0.01264,2.274
REGN10933,171,501,N,Y,0.06835,0.01264,2.274
REGN10933,174,504,G,N,0.04312,0.007605,0.727
REGN10933,175,505,Y,H,0.02695,0.009064,0.566
REGN10933,178,508,Y,F,0.02779,0.0101,0.243
REGN10933,189,519,H,N,0.0621,0.0249,0.298
REGN10933,190,520,A,G,0.1025,0.05017,0.327
REGN10933,199,529,K,L,0.04285,0.0105,1.736
REGN10987,15,345,T,S,0.01452,0.002077,0.509
REGN10987,16,346,R,K,0.03736,0.002078,1.191
REGN10987,16,346,R,T,0.03736,0.002078,1.191
REGN10987,42,372,A,T,0.03736,0.002078,0.396
REGN10987,72,402,I,V,0.006233,0.002082,0.156
REGN10987,73,403,R,K,0.01038,0.002083,1.191
REGN10987,73,403,R,T,0.01038,0.002083,1.191
REGN10987,87,417,K,N,0.03943,0.002079,2.327
REGN10987,87,417,K,V,0.03943,0.002079,2.327
REGN10987,109,439,N,K,2.204,0.8449,2.327
REGN10987,109,439,N,V,2.204,0.8449,2.409
REGN10987,110,440,N,H,6.61,0.9579,1.105
REGN10987,110,440,N,I,6.61,0.9579,1.105
REGN10987,110,440,N,K,6.61,0.9579,1.993
REGN10987,111,441,L,I,0.7219,0.7052,1.993
REGN10987,111,441,L,Q,0.7219,0.7052,0.338
REGN10987,113,443,S,A,2.093,0.7986,1.875
REGN10987,114,444,K,L,17.38,0.9938,2.292
REGN10987,115,445,V,E,16.54,1,2.292
REGN10987,119,449,Y,F,0.308,0.2707,0.25
REGN10987,120,450,N,G,1.896,0.9781,0.707
REGN10987,129,459,S,A,0.03736,0.00208,0.253
REGN10987,130,460,N,K,0.04108,0.005806,0.162
REGN10987,148,478,T,K,0.03941,0.002078,0.359
REGN10987,153,483,V,Q,0.04435,0.009066,2.223
REGN10987,154,484,E,T,0.03941,0.00208,2.453
REGN10987,154,484,E,V,0.03941,0.00208,2.453
REGN10987,156,486,F,L,0.03943,0.002079,0.385
REGN10987,160,490,F,Y,0.03944,0.00208,0.297
REGN10987,163,493,Q,E,0.03787,0.002591,2.232
REGN10987,163,493,Q,Y,0.03787,0.002591,2.232
REGN10987,164,494,S,R,0.03165,0.002589,2.073
REGN10987,168,498,Q,H,0.3489,0.2834,1.698
REGN10987,168,498,Q,Y,0.3489,0.2834,1.698
REGN10987,171,501,N,T,0.03319,0.002079,2.274
REGN10987,171,501,N,Y,0.03319,0.002079,2.274
REGN10987,174,504,G,N,0.03944,0.002083,0.727
REGN10987,175,505,Y,H,0.01297,0.002584,0.566
REGN10987,178,508,Y,F,0.01662,0.002082,0.243
REGN10987,189,519,H,N,0.1124,0.0518,0.298
REGN10987,190,520,A,G,0.03579,0.00259,0.327
REGN10987,199,529,K,L,0.03734,0.002078,1.736
