condition,site,label_site,wildtype,mutation,protein_chain,protein_site,mut_escape color ACE2 bind,site_total escape,site_max escape,color_for_mutation,mut_escape color RBD expr,mut_escape color gray,mut_escape color func group
LY-CoV016,15,345,T,S,A,345,0.001093,0.02475,0.005953,#672505,,,
LY-CoV016,16,346,R,K,A,346,0.01272,0.07124,0.03801,#662505,,,
LY-CoV016,16,346,R,T,A,346,0.001093,0.07124,0.03801,#662505,,,
LY-CoV016,42,372,A,T,A,372,0.001181,0.04719,0.01273,#7a2b05,,,
LY-CoV016,72,402,I,V,A,402,0.005628,0.03889,0.03216,#662505,,,
LY-CoV016,73,403,R,K,A,403,0.01594,0.04887,0.01594,#6c2605,,,
LY-CoV016,73,403,R,T,A,403,0.007251,0.04887,0.01594,#c64902,,,
LY-CoV016,87,417,K,N,A,417,0.9963,17.83,0.9972,#a43903,,,
LY-CoV016,87,417,K,V,A,417,0.9955,17.83,0.9972,#923204,,,
LY-CoV016,109,439,N,K,A,439,0,0.03038,0.01282,#662505,,,
LY-CoV016,109,439,N,V,A,439,0.001093,0.03038,0.01282,#6a2605,,,
LY-CoV016,110,440,N,H,A,440,0.01232,0.07464,0.01274,#662505,,,
LY-CoV016,110,440,N,K,A,440,0.001093,0.07464,0.01274,#662505,,,
LY-CoV016,111,441,L,I,A,441,0.001093,0.1098,0.08864,#662505,,,
LY-CoV016,111,441,L,Q,A,441,0.003188,0.1098,0.08864,#692505,,,
LY-CoV016,113,443,S,A,A,443,0.01443,0.02766,0.01443,#8a2f04,,,
LY-CoV016,114,444,K,L,A,444,0.001093,0.0349,0.003792,#722805,,,
LY-CoV016,115,445,V,E,A,445,0.003404,0.1308,0.03892,#7e2c05,,,
LY-CoV016,115,445,V,T,A,445,0.001398,0.1308,0.03892,#672505,,,
LY-CoV016,119,449,Y,F,A,449,0.003897,0.04404,0.007298,#ea6e13,,,
LY-CoV016,120,450,N,G,A,450,0.004472,0.07775,0.0136,#6c2605,,,
LY-CoV016,129,459,S,A,A,459,0.004909,0.6477,0.597,#692505,,,
LY-CoV016,130,460,N,K,A,460,0.9961,15.93,0.9961,#662505,,,
LY-CoV016,148,478,T,K,A,478,0.001093,0.03662,0.007877,#662505,,,
LY-CoV016,153,483,V,Q,A,483,0.00587,0.05859,0.01592,#662505,,,
LY-CoV016,154,484,E,K,A,484,0.001093,0.9369,0.3243,#662505,,,
LY-CoV016,154,484,E,T,A,484,0.001093,0.9369,0.3243,#662505,,,
LY-CoV016,154,484,E,V,A,484,0.02011,0.9369,0.3243,#c14602,,,
LY-CoV016,156,486,F,L,A,486,0.007984,4.421,0.8201,#a63a03,,,
LY-CoV016,160,490,F,Y,A,490,0.005377,0.1305,0.06103,#662505,,,
LY-CoV016,163,493,Q,E,A,493,0.001093,1.01,0.4914,#b24002,,,
LY-CoV016,163,493,Q,Y,A,493,0.01414,1.01,0.4914,#662505,,,
LY-CoV016,164,494,S,R,A,494,0.001093,0.1496,0.06384,#662505,,,
LY-CoV016,168,498,Q,H,A,498,0.0174,0.06488,0.02017,#662505,,,
LY-CoV016,168,498,Q,Y,A,498,0.001093,0.06488,0.02017,#662505,,,
LY-CoV016,171,501,N,T,A,501,0.04908,1.495,0.484,#662505,,,
LY-CoV016,171,501,N,Y,A,501,0.01396,1.495,0.484,#662505,,,
LY-CoV016,174,504,G,N,A,504,0.2844,6.418,0.9016,#772a05,,,
LY-CoV016,175,505,Y,H,A,505,0.005483,0.0653,0.03176,#c94a02,,,
LY-CoV016,178,508,Y,F,A,508,0.001093,0.02635,0.009064,#662505,,,
LY-CoV016,189,519,H,N,A,519,0.005925,0.1374,0.06839,#662505,,,
LY-CoV016,190,520,A,G,A,520,0,0.1135,0.0219,#662505,,,
LY-CoV016,199,529,K,L,A,529,0.01096,0.1006,0.03956,#662505,,,
REGN10933 + REGN10987,15,345,T,S,E,345,0.001857,0.01082,0.001857,#672505,,,
REGN10933 + REGN10987,16,346,R,A,E,346,0.00154,0.0275,0.001958,#672505,,,
REGN10933 + REGN10987,16,346,R,C,E,346,0.001611,0.0275,0.001958,#762905,,,
REGN10933 + REGN10987,16,346,R,D,E,346,0.001473,0.0275,0.001958,#662505,,,
REGN10933 + REGN10987,16,346,R,E,E,346,0.001222,0.0275,0.001958,#662505,,,
REGN10933 + REGN10987,16,346,R,F,E,346,0.001327,0.0275,0.001958,#672505,,,
REGN10933 + REGN10987,16,346,R,G,E,346,0.001514,0.0275,0.001958,#742905,,,
REGN10933 + REGN10987,16,346,R,H,E,346,0.001913,0.0275,0.001958,#662505,,,
REGN10933 + REGN10987,16,346,R,I,E,346,0.001458,0.0275,0.001958,#662505,,,
REGN10933 + REGN10987,16,346,R,K,E,346,0.001508,0.0275,0.001958,#662505,,,
REGN10933 + REGN10987,16,346,R,T,E,346,0.001398,0.0275,0.001958,#662505,,,
REGN10933 + REGN10987,42,372,A,T,E,372,0.001603,0.03303,0.006688,#7a2b05,,,
REGN10933 + REGN10987,72,402,I,V,E,402,0.002082,0.004934,0.002082,#662505,,,
REGN10933 + REGN10987,73,403,R,K,E,403,0.001505,0.007495,0.001585,#6c2605,,,
REGN10933 + REGN10987,73,403,R,T,E,403,0.001585,0.007495,0.001585,#c64902,,,
REGN10933 + REGN10987,87,417,K,N,E,417,0.001679,0.04874,0.008379,#a43903,,,
REGN10933 + REGN10987,87,417,K,V,E,417,0.001063,0.04874,0.008379,#923204,,,
REGN10933 + REGN10987,109,439,N,K,E,439,0.004026,0.07157,0.05335,#662505,,,
REGN10933 + REGN10987,109,439,N,V,E,439,0.001567,0.07157,0.05335,#6a2605,,,
REGN10933 + REGN10987,110,440,N,H,E,440,0.002038,0.03014,0.002889,#662505,,,
REGN10933 + REGN10987,110,440,N,K,E,440,0.001815,0.03014,0.002889,#662505,,,
REGN10933 + REGN10987,111,441,L,I,E,441,0.001357,0.01422,0.002216,#662505,,,
REGN10933 + REGN10987,111,441,L,Q,E,441,0.001551,0.01422,0.002216,#692505,,,
REGN10933 + REGN10987,113,443,S,A,E,443,0.001669,0.01244,0.001965,#8a2f04,,,
REGN10933 + REGN10987,114,444,K,L,E,444,0.00184,0.1063,0.06092,#722805,,,
REGN10933 + REGN10987,115,445,V,E,E,445,0.002703,0.04419,0.004519,#7e2c05,,,
REGN10933 + REGN10987,115,445,V,T,E,445,0.001599,0.04419,0.004519,#672505,,,
REGN10933 + REGN10987,119,449,Y,F,E,449,0.00145,0.02799,0.001578,#ea6e13,,,
REGN10933 + REGN10987,120,450,N,G,E,450,0.001422,0.03089,0.003204,#6c2605,,,
REGN10933 + REGN10987,129,459,S,A,E,459,0.001458,0.02631,0.001588,#692505,,,
REGN10933 + REGN10987,130,460,N,K,E,460,0.001426,0.02777,0.001915,#662505,,,
REGN10933 + REGN10987,148,478,T,K,E,478,0.001495,0.02758,0.001631,#662505,,,
REGN10933 + REGN10987,153,483,V,Q,E,483,0.001515,0.02697,0.001623,#662505,,,
REGN10933 + REGN10987,154,484,E,K,E,484,0.001416,0.04668,0.01135,#662505,,,
REGN10933 + REGN10987,154,484,E,T,E,484,0.00194,0.04668,0.01135,#662505,,,
REGN10933 + REGN10987,154,484,E,V,E,484,0.003295,0.04668,0.01135,#c14602,,,
REGN10933 + REGN10987,156,486,F,L,E,486,0.002759,0.09269,0.02433,#a63a03,,,
REGN10933 + REGN10987,160,490,F,Y,E,490,0.001463,0.02904,0.002517,#662505,,,
REGN10933 + REGN10987,163,493,Q,E,E,493,0.003142,0.3921,0.3601,#b24002,,,
REGN10933 + REGN10987,163,493,Q,Y,E,493,0.001975,0.3921,0.3601,#662505,,,
REGN10933 + REGN10987,164,494,S,R,E,494,0.00162,0.02305,0.001641,#662505,,,
REGN10933 + REGN10987,168,498,Q,H,E,498,0.001009,0.0287,0.002929,#662505,,,
REGN10933 + REGN10987,168,498,Q,Y,E,498,0.002929,0.0287,0.002929,#662505,,,
REGN10933 + REGN10987,171,501,N,T,E,501,0.001536,0.02358,0.001583,#662505,,,
REGN10933 + REGN10987,171,501,N,Y,E,501,0.001429,0.02358,0.001583,#662505,,,
REGN10933 + REGN10987,174,504,G,N,E,504,0.001494,0.02876,0.00216,#772a05,,,
REGN10933 + REGN10987,175,505,Y,H,E,505,0.001493,0.009147,0.001739,#c94a02,,,
REGN10933 + REGN10987,190,520,A,G,E,520,0.000975,0.02467,0.001598,#662505,,,
REGN10933 + REGN10987,199,529,K,L,E,529,0.001515,0.02728,0.002191,#662505,,,
REGN10933,15,345,T,S,E,345,0.003008,0.01565,0.004604,#672505,,,
REGN10933,16,346,R,K,E,346,0.001125,0.07234,0.02114,#662505,,,
REGN10933,16,346,R,T,E,346,0.009405,0.07234,0.02114,#662505,,,
REGN10933,42,372,A,T,E,372,0.00124,0.05597,0.01366,#7a2b05,,,
REGN10933,72,402,I,V,E,402,0.003531,0.02482,0.02017,#662505,,,
REGN10933,73,403,R,K,E,403,0.001125,0.01352,0.005701,#6c2605,,,
REGN10933,73,403,R,T,E,403,0.001125,0.01352,0.005701,#c64902,,,
REGN10933,87,417,K,N,E,417,0.003173,4.555,0.8196,#a43903,,,
REGN10933,87,417,K,V,E,417,0.02792,4.555,0.8196,#923204,,,
REGN10933,109,439,N,K,E,439,0,0.03752,0.01552,#662505,,,
REGN10933,109,439,N,V,E,439,0.001125,0.03752,0.01552,#6a2605,,,
REGN10933,110,440,N,H,E,440,0.002473,0.0712,0.009207,#662505,,,
REGN10933,110,440,N,K,E,440,0.004257,0.0712,0.009207,#662505,,,
REGN10933,111,441,L,I,E,441,0.001125,0.07035,0.05488,#662505,,,
REGN10933,111,441,L,Q,E,441,0.001635,0.07035,0.05488,#692505,,,
REGN10933,113,443,S,A,E,443,0.001125,0.02013,0.0038,#8a2f04,,,
REGN10933,114,444,K,L,E,444,0.001125,0.0516,0.009312,#722805,,,
REGN10933,115,445,V,E,E,445,0.002399,0.05938,0.0101,#7e2c05,,,
REGN10933,115,445,V,T,E,445,0.001125,0.05938,0.0101,#672505,,,
REGN10933,119,449,Y,F,E,449,0.001125,0.04662,0.007334,#ea6e13,,,
REGN10933,120,450,N,G,E,450,0.001125,0.07201,0.0117,#6c2605,,,
REGN10933,129,459,S,A,E,459,0.001313,0.04876,0.008479,#692505,,,
REGN10933,130,460,N,K,E,460,0.001719,0.05925,0.02696,#662505,,,
REGN10933,148,478,T,K,E,478,0.001125,0.06137,0.01131,#662505,,,
REGN10933,153,483,V,Q,E,483,0.007235,0.04267,0.007235,#662505,,,
REGN10933,154,484,E,K,E,484,0.008034,3.038,0.5552,#662505,,,
REGN10933,154,484,E,T,E,484,0.009118,3.038,0.5552,#662505,,,
REGN10933,154,484,E,V,E,484,0.5552,3.038,0.5552,#c14602,,,
REGN10933,156,486,F,L,E,486,0.2666,14.32,0.9875,#a63a03,,,
REGN10933,160,490,F,Y,E,490,0.001125,0.0753,0.02526,#662505,,,
REGN10933,163,493,Q,Y,E,493,0.6379,5.031,0.7925,#662505,,,
REGN10933,164,494,S,R,E,494,0.003385,0.05958,0.01418,#662505,,,
REGN10933,168,498,Q,H,E,498,0.003255,0.03628,0.008501,#662505,,,
REGN10933,168,498,Q,Y,E,498,0.001125,0.03628,0.008501,#662505,,,
REGN10933,171,501,N,T,E,501,0.009383,0.06835,0.01264,#662505,,,
REGN10933,171,501,N,Y,E,501,0.003267,0.06835,0.01264,#662505,,,
REGN10933,174,504,G,N,E,504,0.001592,0.04312,0.007605,#772a05,,,
REGN10933,175,505,Y,H,E,505,0.002066,0.02695,0.009064,#c94a02,,,
REGN10933,178,508,Y,F,E,508,0.003699,0.02779,0.0101,#662505,,,
REGN10933,189,519,H,N,E,519,0.001125,0.0621,0.0249,#662505,,,
REGN10933,190,520,A,G,E,520,0.002746,0.1025,0.05017,#662505,,,
REGN10933,199,529,K,L,E,529,0.001125,0.04285,0.0105,#662505,,,
REGN10987,15,345,T,S,E,345,0.002069,0.01452,0.002077,#672505,,,
REGN10987,16,346,R,K,E,346,0.002074,0.03736,0.002078,#662505,,,
REGN10987,16,346,R,T,E,346,0.002076,0.03736,0.002078,#662505,,,
REGN10987,42,372,A,T,E,372,0.002076,0.03736,0.002078,#7a2b05,,,
REGN10987,72,402,I,V,E,402,0.002075,0.006233,0.002082,#662505,,,
REGN10987,73,403,R,K,E,403,0.002075,0.01038,0.002083,#6c2605,,,
REGN10987,73,403,R,T,E,403,0.002074,0.01038,0.002083,#c64902,,,
REGN10987,87,417,K,N,E,417,0.002069,0.03943,0.002079,#a43903,,,
REGN10987,87,417,K,V,E,417,0.002075,0.03943,0.002079,#923204,,,
REGN10987,109,439,N,K,E,439,0.06063,2.204,0.8449,#662505,,,
REGN10987,109,439,N,V,E,439,0.002078,2.204,0.8449,#6a2605,,,
REGN10987,110,440,N,H,E,440,0.002594,6.61,0.9579,#662505,,,
REGN10987,110,440,N,I,E,440,0.9109,6.61,0.9579,#712805,,,
REGN10987,110,440,N,K,E,440,0.565,6.61,0.9579,#662505,,,
REGN10987,111,441,L,I,E,441,0.002079,0.7219,0.7052,#662505,,,
REGN10987,111,441,L,Q,E,441,0.002075,0.7219,0.7052,#692505,,,
REGN10987,113,443,S,A,E,443,0.00208,2.093,0.7986,#8a2f04,,,
REGN10987,114,444,K,L,E,444,0.969,17.38,0.9938,#722805,,,
REGN10987,115,445,V,E,E,445,0.9936,16.54,1,#7e2c05,,,
REGN10987,119,449,Y,F,E,449,0.002075,0.308,0.2707,#ea6e13,,,
REGN10987,120,450,N,G,E,450,0.002076,1.896,0.9781,#6c2605,,,
REGN10987,129,459,S,A,E,459,0.002071,0.03736,0.00208,#692505,,,
REGN10987,130,460,N,K,E,460,0.002074,0.04108,0.005806,#662505,,,
REGN10987,148,478,T,K,E,478,0.002078,0.03941,0.002078,#662505,,,
REGN10987,153,483,V,Q,E,483,0.002076,0.04435,0.009066,#662505,,,
REGN10987,154,484,E,T,E,484,0.002066,0.03941,0.00208,#662505,,,
REGN10987,154,484,E,V,E,484,0.002075,0.03941,0.00208,#c14602,,,
REGN10987,156,486,F,L,E,486,0.002076,0.03943,0.002079,#a63a03,,,
REGN10987,160,490,F,Y,E,490,0.002071,0.03944,0.00208,#662505,,,
REGN10987,163,493,Q,E,E,493,0.002076,0.03787,0.002591,#b24002,,,
REGN10987,163,493,Q,Y,E,493,0.002076,0.03787,0.002591,#662505,,,
REGN10987,164,494,S,R,E,494,0.002075,0.03165,0.002589,#662505,,,
REGN10987,168,498,Q,H,E,498,0.002081,0.3489,0.2834,#662505,,,
REGN10987,168,498,Q,Y,E,498,0.008974,0.3489,0.2834,#662505,,,
REGN10987,171,501,N,T,E,501,0.002076,0.03319,0.002079,#662505,,,
REGN10987,171,501,N,Y,E,501,0.002071,0.03319,0.002079,#662505,,,
REGN10987,174,504,G,N,E,504,0.002071,0.03944,0.002083,#772a05,,,
REGN10987,175,505,Y,H,E,505,0.002079,0.01297,0.002584,#c94a02,,,
REGN10987,178,508,Y,F,E,508,0.002077,0.01662,0.002082,#662505,,,
REGN10987,189,519,H,N,E,519,0.002074,0.1124,0.0518,#662505,,,
REGN10987,190,520,A,G,E,520,0.00259,0.03579,0.00259,#662505,,,
REGN10987,199,529,K,L,E,529,0.002075,0.03734,0.002078,#662505,,,
LY-CoV016,15,345,T,S,A,345,,0.02475,0.005953,#993403,0.001093,,
LY-CoV016,16,346,R,K,A,346,,0.07124,0.03801,#662505,0.01272,,
LY-CoV016,16,346,R,T,A,346,,0.07124,0.03801,#662505,0.001093,,
LY-CoV016,42,372,A,T,A,372,,0.04719,0.01273,#c14602,0.001181,,
LY-CoV016,72,402,I,V,A,402,,0.03889,0.03216,#662505,0.005628,,
LY-CoV016,73,403,R,K,A,403,,0.04887,0.01594,#c44802,0.01594,,
LY-CoV016,73,403,R,T,A,403,,0.04887,0.01594,#feeaa0,0.007251,,
LY-CoV016,87,417,K,N,A,417,,17.83,0.9972,#662505,0.9963,,
LY-CoV016,87,417,K,V,A,417,,17.83,0.9972,#662505,0.9955,,
LY-CoV016,109,439,N,K,A,439,,0.03038,0.01282,#d35406,0,,
LY-CoV016,109,439,N,V,A,439,,0.03038,0.01282,#e56810,0.001093,,
LY-CoV016,110,440,N,H,A,440,,0.07464,0.01274,#7a2b05,0.01232,,
LY-CoV016,110,440,N,K,A,440,,0.07464,0.01274,#8c3004,0.001093,,
LY-CoV016,111,441,L,I,A,441,,0.1098,0.08864,#662505,0.001093,,
LY-CoV016,111,441,L,Q,A,441,,0.1098,0.08864,#662505,0.003188,,
LY-CoV016,113,443,S,A,A,443,,0.02766,0.01443,#7a2b05,0.01443,,
LY-CoV016,114,444,K,L,A,444,,0.0349,0.003792,#ac3d03,0.001093,,
LY-CoV016,115,445,V,E,A,445,,0.1308,0.03892,#662505,0.003404,,
LY-CoV016,115,445,V,T,A,445,,0.1308,0.03892,#822d04,0.001398,,
LY-CoV016,119,449,Y,F,A,449,,0.04404,0.007298,#6e2705,0.003897,,
LY-CoV016,120,450,N,G,A,450,,0.07775,0.0136,#862e04,0.004472,,
LY-CoV016,129,459,S,A,A,459,,0.6477,0.597,#862e04,0.004909,,
LY-CoV016,130,460,N,K,A,460,,15.93,0.9961,#662505,0.9961,,
LY-CoV016,148,478,T,K,A,478,,0.03662,0.007877,#662505,0.001093,,
LY-CoV016,153,483,V,Q,A,483,,0.05859,0.01592,#662505,0.00587,,
LY-CoV016,154,484,E,K,A,484,,0.9369,0.3243,#862e04,0.001093,,
LY-CoV016,154,484,E,T,A,484,,0.9369,0.3243,#6e2705,0.001093,,
LY-CoV016,154,484,E,V,A,484,,0.9369,0.3243,#742905,0.02011,,
LY-CoV016,156,486,F,L,A,486,,4.421,0.8201,#662505,0.007984,,
LY-CoV016,160,490,F,L,A,490,,0.1305,0.06103,#d35406,0.001093,,
LY-CoV016,168,498,Q,E,A,498,,0.06488,0.02017,#792a05,0.001346,,
LY-CoV016,168,498,Q,Y,A,498,,0.06488,0.02017,#662505,0.001093,,
LY-CoV016,171,501,N,T,A,501,,1.495,0.484,#b64102,0.04908,,
LY-CoV016,171,501,N,Y,A,501,,1.495,0.484,#923204,0.01396,,
LY-CoV016,174,504,G,N,A,504,,6.418,0.9016,#662505,0.2844,,
LY-CoV016,175,505,Y,H,A,505,,0.0653,0.03176,#662505,0.005483,,
LY-CoV016,178,508,Y,F,A,508,,0.02635,0.009064,#993403,0.001093,,
LY-CoV016,189,519,H,N,A,519,,0.1374,0.06839,#662505,0.005925,,
LY-CoV016,190,520,A,G,A,520,,0.1135,0.0219,#662505,0,,
LY-CoV016,199,529,K,L,A,529,,0.1006,0.03956,#662505,0.01096,,
REGN10933 + REGN10987,15,345,T,S,E,345,,0.01082,0.001857,#993403,0.001857,,
REGN10933 + REGN10987,16,346,R,K,E,346,,0.0275,0.001958,#662505,0.001508,,
REGN10933 + REGN10987,16,346,R,T,E,346,,0.0275,0.001958,#662505,0.001398,,
REGN10933 + REGN10987,42,372,A,T,E,372,,0.03303,0.006688,#c14602,0.001603,,
REGN10933 + REGN10987,72,402,I,V,E,402,,0.004934,0.002082,#662505,0.002082,,
REGN10933 + REGN10987,73,403,R,K,E,403,,0.007495,0.001585,#c44802,0.001505,,
REGN10933 + REGN10987,73,403,R,T,E,403,,0.007495,0.001585,#feeaa0,0.001585,,
REGN10933 + REGN10987,87,417,K,N,E,417,,0.04874,0.008379,#662505,0.001679,,
REGN10933 + REGN10987,87,417,K,V,E,417,,0.04874,0.008379,#662505,0.001063,,
REGN10933 + REGN10987,109,439,N,K,E,439,,0.07157,0.05335,#d35406,0.004026,,
REGN10933 + REGN10987,109,439,N,V,E,439,,0.07157,0.05335,#e56810,0.001567,,
REGN10933 + REGN10987,110,440,N,H,E,440,,0.03014,0.002889,#7a2b05,0.002038,,
REGN10933 + REGN10987,110,440,N,K,E,440,,0.03014,0.002889,#8c3004,0.001815,,
REGN10933 + REGN10987,111,441,L,I,E,441,,0.01422,0.002216,#662505,0.001357,,
REGN10933 + REGN10987,111,441,L,Q,E,441,,0.01422,0.002216,#662505,0.001551,,
REGN10933 + REGN10987,113,443,S,A,E,443,,0.01244,0.001965,#7a2b05,0.001669,,
REGN10933 + REGN10987,114,444,K,L,E,444,,0.1063,0.06092,#ac3d03,0.00184,,
REGN10933 + REGN10987,115,445,V,E,E,445,,0.04419,0.004519,#662505,0.002703,,
REGN10933 + REGN10987,115,445,V,T,E,445,,0.04419,0.004519,#822d04,0.001599,,
REGN10933 + REGN10987,119,449,Y,F,E,449,,0.02799,0.001578,#6e2705,0.00145,,
REGN10933 + REGN10987,120,450,N,G,E,450,,0.03089,0.003204,#862e04,0.001422,,
REGN10933 + REGN10987,129,459,S,A,E,459,,0.02631,0.001588,#862e04,0.001458,,
REGN10933 + REGN10987,130,460,N,K,E,460,,0.02777,0.001915,#662505,0.001426,,
REGN10933 + REGN10987,148,478,T,K,E,478,,0.02758,0.001631,#662505,0.001495,,
REGN10933 + REGN10987,153,483,V,Q,E,483,,0.02697,0.001623,#662505,0.001515,,
REGN10933 + REGN10987,154,484,E,K,E,484,,0.04668,0.01135,#862e04,0.001416,,
REGN10933 + REGN10987,154,484,E,T,E,484,,0.04668,0.01135,#6e2705,0.00194,,
REGN10933 + REGN10987,154,484,E,V,E,484,,0.04668,0.01135,#742905,0.003295,,
REGN10933 + REGN10987,156,486,F,L,E,486,,0.09269,0.02433,#662505,0.002759,,
REGN10933 + REGN10987,160,490,F,Y,E,490,,0.02904,0.002517,#662505,0.001463,,
REGN10933 + REGN10987,163,493,Q,E,E,493,,0.3921,0.3601,#6c2605,0.003142,,
REGN10933 + REGN10987,163,493,Q,Y,E,493,,0.3921,0.3601,#fee79b,0.001975,,
REGN10933 + REGN10987,164,494,S,R,E,494,,0.02305,0.001641,#7f2c04,0.00162,,
REGN10933 + REGN10987,168,498,Q,H,E,498,,0.0287,0.002929,#662505,0.001009,,
REGN10933 + REGN10987,168,498,Q,Y,E,498,,0.0287,0.002929,#662505,0.002929,,
REGN10933 + REGN10987,171,501,N,T,E,501,,0.02358,0.001583,#b64102,0.001536,,
REGN10933 + REGN10987,171,501,N,Y,E,501,,0.02358,0.001583,#923204,0.001429,,
REGN10933 + REGN10987,174,504,G,N,E,504,,0.02876,0.00216,#662505,0.001494,,
REGN10933 + REGN10987,175,505,Y,H,E,505,,0.009147,0.001739,#662505,0.001493,,
REGN10933 + REGN10987,178,508,Y,F,E,508,,0.01262,0.002333,#993403,0.001542,,
REGN10933 + REGN10987,189,519,H,N,E,519,,0.01944,0.001799,#662505,0.001499,,
REGN10933 + REGN10987,190,520,A,G,E,520,,0.02467,0.001598,#662505,0.000975,,
REGN10933 + REGN10987,199,529,K,L,E,529,,0.02728,0.002191,#662505,0.001515,,
REGN10933,15,345,T,S,E,345,,0.01565,0.004604,#993403,0.003008,,
REGN10933,16,346,R,K,E,346,,0.07234,0.02114,#662505,0.001125,,
REGN10933,16,346,R,T,E,346,,0.07234,0.02114,#662505,0.009405,,
REGN10933,42,372,A,T,E,372,,0.05597,0.01366,#c14602,0.00124,,
REGN10933,72,402,I,V,E,402,,0.02482,0.02017,#662505,0.003531,,
REGN10933,73,403,R,K,E,403,,0.01352,0.005701,#c44802,0.001125,,
REGN10933,73,403,R,T,E,403,,0.01352,0.005701,#feeaa0,0.001125,,
REGN10933,87,417,K,N,E,417,,4.555,0.8196,#662505,0.003173,,
REGN10933,87,417,K,V,E,417,,4.555,0.8196,#662505,0.02792,,
REGN10933,109,439,N,K,E,439,,0.03752,0.01552,#d35406,0,,
REGN10933,109,439,N,V,E,439,,0.03752,0.01552,#e56810,0.001125,,
REGN10933,110,440,N,H,E,440,,0.0712,0.009207,#7a2b05,0.002473,,
REGN10933,110,440,N,K,E,440,,0.0712,0.009207,#8c3004,0.004257,,
REGN10933,111,441,L,I,E,441,,0.07035,0.05488,#662505,0.001125,,
REGN10933,111,441,L,Q,E,441,,0.07035,0.05488,#662505,0.001635,,
REGN10933,113,443,S,A,E,443,,0.02013,0.0038,#7a2b05,0.001125,,
REGN10933,114,444,K,L,E,444,,0.0516,0.009312,#ac3d03,0.001125,,
REGN10933,115,445,V,E,E,445,,0.05938,0.0101,#662505,0.002399,,
REGN10933,119,449,Y,F,E,449,,0.04662,0.007334,#6e2705,0.001125,,
REGN10933,120,450,N,G,E,450,,0.07201,0.0117,#862e04,0.001125,,
REGN10933,129,459,S,A,E,459,,0.04876,0.008479,#862e04,0.001313,,
REGN10933,130,460,N,K,E,460,,0.05925,0.02696,#662505,0.001719,,
REGN10933,148,478,T,K,E,478,,0.06137,0.01131,#662505,0.001125,,
REGN10933,153,483,V,Q,E,483,,0.04267,0.007235,#662505,0.007235,,
REGN10933,154,484,E,K,E,484,,3.038,0.5552,#862e04,0.008034,,
REGN10933,154,484,E,T,E,484,,3.038,0.5552,#6e2705,0.009118,,
REGN10933,154,484,E,V,E,484,,3.038,0.5552,#742905,0.5552,,
REGN10933,156,486,F,L,E,486,,14.32,0.9875,#662505,0.2666,,
REGN10933,160,490,F,Y,E,490,,0.0753,0.02526,#662505,0.001125,,
REGN10933,163,493,Q,E,E,493,,5.031,0.7925,#6c2605,0.7195,,
REGN10933,163,493,Q,Y,E,493,,5.031,0.7925,#fee79b,0.6379,,
REGN10933,164,494,S,R,E,494,,0.05958,0.01418,#7f2c04,0.003385,,
REGN10933,168,498,Q,H,E,498,,0.03628,0.008501,#662505,0.003255,,
REGN10933,168,498,Q,Y,E,498,,0.03628,0.008501,#662505,0.001125,,
REGN10933,171,501,N,T,E,501,,0.06835,0.01264,#b64102,0.009383,,
REGN10933,171,501,N,Y,E,501,,0.06835,0.01264,#923204,0.003267,,
REGN10933,174,504,G,N,E,504,,0.04312,0.007605,#662505,0.001592,,
REGN10933,175,505,Y,H,E,505,,0.02695,0.009064,#662505,0.002066,,
REGN10933,178,508,Y,F,E,508,,0.02779,0.0101,#993403,0.003699,,
REGN10933,189,519,H,N,E,519,,0.0621,0.0249,#662505,0.001125,,
REGN10933,190,520,A,G,E,520,,0.1025,0.05017,#662505,0.002746,,
REGN10933,199,529,K,L,E,529,,0.04285,0.0105,#662505,0.001125,,
REGN10987,15,345,T,S,E,345,,0.01452,0.002077,#993403,0.002069,,
REGN10987,16,346,R,K,E,346,,0.03736,0.002078,#662505,0.002074,,
REGN10987,16,346,R,T,E,346,,0.03736,0.002078,#662505,0.002076,,
REGN10987,42,372,A,T,E,372,,0.03736,0.002078,#c14602,0.002076,,
REGN10987,72,402,I,V,E,402,,0.006233,0.002082,#662505,0.002075,,
REGN10987,73,403,R,K,E,403,,0.01038,0.002083,#c44802,0.002075,,
REGN10987,73,403,R,T,E,403,,0.01038,0.002083,#feeaa0,0.002074,,
REGN10987,87,417,K,N,E,417,,0.03943,0.002079,#662505,0.002069,,
REGN10987,87,417,K,V,E,417,,0.03943,0.002079,#662505,0.002075,,
REGN10987,87,417,K,W,E,417,,0.03943,0.002079,#c14602,0.002074,,
REGN10987,87,417,K,Y,E,417,,0.03943,0.002079,#662505,0.002076,,
REGN10987,109,439,N,K,E,439,,2.204,0.8449,#d35406,0.06063,,
REGN10987,109,439,N,V,E,439,,2.204,0.8449,#e56810,0.002078,,
REGN10987,110,440,N,H,E,440,,6.61,0.9579,#7a2b05,0.002594,,
REGN10987,110,440,N,K,E,440,,6.61,0.9579,#8c3004,0.565,,
REGN10987,111,441,L,I,E,441,,0.7219,0.7052,#662505,0.002079,,
REGN10987,111,441,L,Q,E,441,,0.7219,0.7052,#662505,0.002075,,
REGN10987,113,443,S,A,E,443,,2.093,0.7986,#7a2b05,0.00208,,
REGN10987,114,444,K,L,E,444,,17.38,0.9938,#ac3d03,0.969,,
REGN10987,115,445,V,E,E,445,,16.54,1,#662505,0.9936,,
REGN10987,115,445,V,T,E,445,,16.54,1,#822d04,0.9465,,
REGN10987,119,449,Y,F,E,449,,0.308,0.2707,#6e2705,0.002075,,
REGN10987,120,450,N,G,E,450,,1.896,0.9781,#862e04,0.002076,,
REGN10987,129,459,S,A,E,459,,0.03736,0.00208,#862e04,0.002071,,
REGN10987,130,460,N,K,E,460,,0.04108,0.005806,#662505,0.002074,,
REGN10987,148,478,T,K,E,478,,0.03941,0.002078,#662505,0.002078,,
REGN10987,153,483,V,Q,E,483,,0.04435,0.009066,#662505,0.002076,,
REGN10987,154,484,E,K,E,484,,0.03941,0.00208,#862e04,0.002075,,
REGN10987,154,484,E,T,E,484,,0.03941,0.00208,#6e2705,0.002066,,
REGN10987,156,486,F,L,E,486,,0.03943,0.002079,#662505,0.002076,,
REGN10987,160,490,F,Y,E,490,,0.03944,0.00208,#662505,0.002071,,
REGN10987,163,493,Q,E,E,493,,0.03787,0.002591,#6c2605,0.002076,,
REGN10987,163,493,Q,Y,E,493,,0.03787,0.002591,#fee79b,0.002076,,
REGN10987,164,494,S,R,E,494,,0.03165,0.002589,#7f2c04,0.002075,,
REGN10987,168,498,Q,H,E,498,,0.3489,0.2834,#662505,0.002081,,
REGN10987,168,498,Q,Y,E,498,,0.3489,0.2834,#662505,0.008974,,
REGN10987,171,501,N,T,E,501,,0.03319,0.002079,#b64102,0.002076,,
REGN10987,171,501,N,Y,E,501,,0.03319,0.002079,#923204,0.002071,,
REGN10987,174,504,G,N,E,504,,0.03944,0.002083,#662505,0.002071,,
REGN10987,175,505,Y,H,E,505,,0.01297,0.002584,#662505,0.002079,,
REGN10987,178,508,Y,F,E,508,,0.01662,0.002082,#993403,0.002077,,
REGN10987,189,519,H,N,E,519,,0.1124,0.0518,#662505,0.002074,,
REGN10987,190,520,A,G,E,520,,0.03579,0.00259,#662505,0.00259,,
REGN10987,199,529,K,L,E,529,,0.03734,0.002078,#662505,0.002075,,
LY-CoV016,15,345,T,S,A,345,,0.02475,0.005953,#696969,,0.001093,
LY-CoV016,16,346,R,K,A,346,,0.07124,0.03801,#696969,,0.01272,
LY-CoV016,16,346,R,T,A,346,,0.07124,0.03801,#696969,,0.001093,
LY-CoV016,42,372,A,T,A,372,,0.04719,0.01273,#696969,,0.001181,
LY-CoV016,72,402,I,V,A,402,,0.03889,0.03216,#696969,,0.005628,
LY-CoV016,73,403,R,K,A,403,,0.04887,0.01594,#696969,,0.01594,
LY-CoV016,73,403,R,T,A,403,,0.04887,0.01594,#696969,,0.007251,
LY-CoV016,87,417,K,N,A,417,,17.83,0.9972,#696969,,0.9963,
LY-CoV016,87,417,K,V,A,417,,17.83,0.9972,#696969,,0.9955,
LY-CoV016,109,439,N,K,A,439,,0.03038,0.01282,#696969,,0,
LY-CoV016,109,439,N,V,A,439,,0.03038,0.01282,#696969,,0.001093,
LY-CoV016,110,440,N,H,A,440,,0.07464,0.01274,#696969,,0.01232,
LY-CoV016,110,440,N,K,A,440,,0.07464,0.01274,#696969,,0.001093,
LY-CoV016,111,441,L,I,A,441,,0.1098,0.08864,#696969,,0.001093,
LY-CoV016,111,441,L,Q,A,441,,0.1098,0.08864,#696969,,0.003188,
LY-CoV016,113,443,S,A,A,443,,0.02766,0.01443,#696969,,0.01443,
LY-CoV016,114,444,K,L,A,444,,0.0349,0.003792,#696969,,0.001093,
LY-CoV016,115,445,V,E,A,445,,0.1308,0.03892,#696969,,0.003404,
LY-CoV016,115,445,V,T,A,445,,0.1308,0.03892,#696969,,0.001398,
LY-CoV016,119,449,Y,F,A,449,,0.04404,0.007298,#696969,,0.003897,
LY-CoV016,120,450,N,G,A,450,,0.07775,0.0136,#696969,,0.004472,
LY-CoV016,129,459,S,A,A,459,,0.6477,0.597,#696969,,0.004909,
LY-CoV016,130,460,N,K,A,460,,15.93,0.9961,#696969,,0.9961,
LY-CoV016,148,478,T,K,A,478,,0.03662,0.007877,#696969,,0.001093,
LY-CoV016,153,483,V,Q,A,483,,0.05859,0.01592,#696969,,0.00587,
LY-CoV016,154,484,E,K,A,484,,0.9369,0.3243,#696969,,0.001093,
LY-CoV016,154,484,E,T,A,484,,0.9369,0.3243,#696969,,0.001093,
LY-CoV016,154,484,E,V,A,484,,0.9369,0.3243,#696969,,0.02011,
LY-CoV016,156,486,F,L,A,486,,4.421,0.8201,#696969,,0.007984,
LY-CoV016,160,490,F,Y,A,490,,0.1305,0.06103,#696969,,0.005377,
LY-CoV016,163,493,Q,E,A,493,,1.01,0.4914,#696969,,0.001093,
LY-CoV016,163,493,Q,Y,A,493,,1.01,0.4914,#696969,,0.01414,
LY-CoV016,164,494,S,R,A,494,,0.1496,0.06384,#696969,,0.001093,
LY-CoV016,168,498,Q,H,A,498,,0.06488,0.02017,#696969,,0.0174,
LY-CoV016,168,498,Q,Y,A,498,,0.06488,0.02017,#696969,,0.001093,
LY-CoV016,171,501,N,T,A,501,,1.495,0.484,#696969,,0.04908,
LY-CoV016,171,501,N,Y,A,501,,1.495,0.484,#696969,,0.01396,
LY-CoV016,174,504,G,N,A,504,,6.418,0.9016,#696969,,0.2844,
LY-CoV016,175,505,Y,H,A,505,,0.0653,0.03176,#696969,,0.005483,
LY-CoV016,178,508,Y,F,A,508,,0.02635,0.009064,#696969,,0.001093,
LY-CoV016,189,519,H,N,A,519,,0.1374,0.06839,#696969,,0.005925,
LY-CoV016,190,520,A,G,A,520,,0.1135,0.0219,#696969,,0,
LY-CoV016,199,529,K,L,A,529,,0.1006,0.03956,#696969,,0.01096,
REGN10933 + REGN10987,15,345,T,S,E,345,,0.01082,0.001857,#696969,,0.001857,
REGN10933 + REGN10987,16,346,R,K,E,346,,0.0275,0.001958,#696969,,0.001508,
REGN10933 + REGN10987,16,346,R,T,E,346,,0.0275,0.001958,#696969,,0.001398,
REGN10933 + REGN10987,42,372,A,T,E,372,,0.03303,0.006688,#696969,,0.001603,
REGN10933 + REGN10987,72,402,I,V,E,402,,0.004934,0.002082,#696969,,0.002082,
REGN10933 + REGN10987,73,403,R,K,E,403,,0.007495,0.001585,#696969,,0.001505,
REGN10933 + REGN10987,73,403,R,T,E,403,,0.007495,0.001585,#696969,,0.001585,
REGN10933 + REGN10987,87,417,K,N,E,417,,0.04874,0.008379,#696969,,0.001679,
REGN10933 + REGN10987,87,417,K,V,E,417,,0.04874,0.008379,#696969,,0.001063,
REGN10933 + REGN10987,109,439,N,K,E,439,,0.07157,0.05335,#696969,,0.004026,
REGN10933 + REGN10987,109,439,N,V,E,439,,0.07157,0.05335,#696969,,0.001567,
REGN10933 + REGN10987,110,440,N,H,E,440,,0.03014,0.002889,#696969,,0.002038,
REGN10933 + REGN10987,110,440,N,K,E,440,,0.03014,0.002889,#696969,,0.001815,
REGN10933 + REGN10987,111,441,L,I,E,441,,0.01422,0.002216,#696969,,0.001357,
REGN10933 + REGN10987,111,441,L,Q,E,441,,0.01422,0.002216,#696969,,0.001551,
REGN10933 + REGN10987,113,443,S,A,E,443,,0.01244,0.001965,#696969,,0.001669,
REGN10933 + REGN10987,114,444,K,L,E,444,,0.1063,0.06092,#696969,,0.00184,
REGN10933 + REGN10987,115,445,V,E,E,445,,0.04419,0.004519,#696969,,0.002703,
REGN10933 + REGN10987,115,445,V,T,E,445,,0.04419,0.004519,#696969,,0.001599,
REGN10933 + REGN10987,119,449,Y,F,E,449,,0.02799,0.001578,#696969,,0.00145,
REGN10933 + REGN10987,120,450,N,G,E,450,,0.03089,0.003204,#696969,,0.001422,
REGN10933 + REGN10987,129,459,S,A,E,459,,0.02631,0.001588,#696969,,0.001458,
REGN10933 + REGN10987,130,460,N,K,E,460,,0.02777,0.001915,#696969,,0.001426,
REGN10933 + REGN10987,148,478,T,K,E,478,,0.02758,0.001631,#696969,,0.001495,
REGN10933 + REGN10987,153,483,V,Q,E,483,,0.02697,0.001623,#696969,,0.001515,
REGN10933 + REGN10987,154,484,E,K,E,484,,0.04668,0.01135,#696969,,0.001416,
REGN10933 + REGN10987,154,484,E,T,E,484,,0.04668,0.01135,#696969,,0.00194,
REGN10933 + REGN10987,156,486,F,L,E,486,,0.09269,0.02433,#696969,,0.002759,
REGN10933 + REGN10987,160,490,F,Y,E,490,,0.02904,0.002517,#696969,,0.001463,
REGN10933 + REGN10987,163,493,Q,E,E,493,,0.3921,0.3601,#696969,,0.003142,
REGN10933 + REGN10987,163,493,Q,Y,E,493,,0.3921,0.3601,#696969,,0.001975,
REGN10933 + REGN10987,164,494,S,R,E,494,,0.02305,0.001641,#696969,,0.00162,
REGN10933 + REGN10987,168,498,Q,H,E,498,,0.0287,0.002929,#696969,,0.001009,
REGN10933 + REGN10987,168,498,Q,Y,E,498,,0.0287,0.002929,#696969,,0.002929,
REGN10933 + REGN10987,171,501,N,T,E,501,,0.02358,0.001583,#696969,,0.001536,
REGN10933 + REGN10987,171,501,N,Y,E,501,,0.02358,0.001583,#696969,,0.001429,
REGN10933 + REGN10987,174,504,G,N,E,504,,0.02876,0.00216,#696969,,0.001494,
REGN10933 + REGN10987,175,505,Y,F,E,505,,0.009147,0.001739,#696969,,0.001456,
REGN10933 + REGN10987,178,508,Y,F,E,508,,0.01262,0.002333,#696969,,0.001542,
REGN10933 + REGN10987,189,519,H,N,E,519,,0.01944,0.001799,#696969,,0.001499,
REGN10933 + REGN10987,190,520,A,G,E,520,,0.02467,0.001598,#696969,,0.000975,
REGN10933 + REGN10987,199,529,K,L,E,529,,0.02728,0.002191,#696969,,0.001515,
REGN10933,15,345,T,S,E,345,,0.01565,0.004604,#696969,,0.003008,
REGN10933,16,346,R,K,E,346,,0.07234,0.02114,#696969,,0.001125,
REGN10933,16,346,R,T,E,346,,0.07234,0.02114,#696969,,0.009405,
REGN10933,42,372,A,T,E,372,,0.05597,0.01366,#696969,,0.00124,
REGN10933,72,402,I,V,E,402,,0.02482,0.02017,#696969,,0.003531,
REGN10933,73,403,R,K,E,403,,0.01352,0.005701,#696969,,0.001125,
REGN10933,73,403,R,T,E,403,,0.01352,0.005701,#696969,,0.001125,
REGN10933,87,417,K,N,E,417,,4.555,0.8196,#696969,,0.003173,
REGN10933,87,417,K,V,E,417,,4.555,0.8196,#696969,,0.02792,
REGN10933,109,439,N,K,E,439,,0.03752,0.01552,#696969,,0,
REGN10933,109,439,N,V,E,439,,0.03752,0.01552,#696969,,0.001125,
REGN10933,110,440,N,H,E,440,,0.0712,0.009207,#696969,,0.002473,
REGN10933,110,440,N,K,E,440,,0.0712,0.009207,#696969,,0.004257,
REGN10933,111,441,L,I,E,441,,0.07035,0.05488,#696969,,0.001125,
REGN10933,111,441,L,Q,E,441,,0.07035,0.05488,#696969,,0.001635,
REGN10933,113,443,S,A,E,443,,0.02013,0.0038,#696969,,0.001125,
REGN10933,115,445,V,E,E,445,,0.05938,0.0101,#696969,,0.002399,
REGN10933,115,445,V,T,E,445,,0.05938,0.0101,#696969,,0.001125,
REGN10933,119,449,Y,F,E,449,,0.04662,0.007334,#696969,,0.001125,
REGN10933,120,450,N,G,E,450,,0.07201,0.0117,#696969,,0.001125,
REGN10933,129,459,S,A,E,459,,0.04876,0.008479,#696969,,0.001313,
REGN10933,130,460,N,K,E,460,,0.05925,0.02696,#696969,,0.001719,
REGN10933,148,478,T,K,E,478,,0.06137,0.01131,#696969,,0.001125,
REGN10933,153,483,V,Q,E,483,,0.04267,0.007235,#696969,,0.007235,
REGN10933,154,484,E,K,E,484,,3.038,0.5552,#696969,,0.008034,
REGN10933,154,484,E,T,E,484,,3.038,0.5552,#696969,,0.009118,
REGN10933,156,486,F,L,E,486,,14.32,0.9875,#696969,,0.2666,
REGN10933,160,490,F,Y,E,490,,0.0753,0.02526,#696969,,0.001125,
REGN10933,163,493,Q,E,E,493,,5.031,0.7925,#696969,,0.7195,
REGN10933,163,493,Q,Y,E,493,,5.031,0.7925,#696969,,0.6379,
REGN10933,164,494,S,R,E,494,,0.05958,0.01418,#696969,,0.003385,
REGN10933,168,498,Q,H,E,498,,0.03628,0.008501,#696969,,0.003255,
REGN10933,168,498,Q,Y,E,498,,0.03628,0.008501,#696969,,0.001125,
REGN10933,171,501,N,T,E,501,,0.06835,0.01264,#696969,,0.009383,
REGN10933,171,501,N,Y,E,501,,0.06835,0.01264,#696969,,0.003267,
REGN10933,174,504,G,N,E,504,,0.04312,0.007605,#696969,,0.001592,
REGN10933,175,505,Y,H,E,505,,0.02695,0.009064,#696969,,0.002066,
REGN10933,178,508,Y,F,E,508,,0.02779,0.0101,#696969,,0.003699,
REGN10933,189,519,H,N,E,519,,0.0621,0.0249,#696969,,0.001125,
REGN10933,190,520,A,G,E,520,,0.1025,0.05017,#696969,,0.002746,
REGN10933,199,529,K,L,E,529,,0.04285,0.0105,#696969,,0.001125,
REGN10987,15,345,T,S,E,345,,0.01452,0.002077,#696969,,0.002069,
REGN10987,16,346,R,K,E,346,,0.03736,0.002078,#696969,,0.002074,
REGN10987,16,346,R,T,E,346,,0.03736,0.002078,#696969,,0.002076,
REGN10987,42,372,A,T,E,372,,0.03736,0.002078,#696969,,0.002076,
REGN10987,72,402,I,V,E,402,,0.006233,0.002082,#696969,,0.002075,
REGN10987,73,403,R,T,E,403,,0.01038,0.002083,#696969,,0.002074,
REGN10987,87,417,K,N,E,417,,0.03943,0.002079,#696969,,0.002069,
REGN10987,87,417,K,V,E,417,,0.03943,0.002079,#696969,,0.002075,
REGN10987,109,439,N,K,E,439,,2.204,0.8449,#696969,,0.06063,
REGN10987,109,439,N,V,E,439,,2.204,0.8449,#696969,,0.002078,
REGN10987,110,440,N,H,E,440,,6.61,0.9579,#696969,,0.002594,
REGN10987,110,440,N,K,E,440,,6.61,0.9579,#696969,,0.565,
REGN10987,111,441,L,I,E,441,,0.7219,0.7052,#696969,,0.002079,
REGN10987,111,441,L,Q,E,441,,0.7219,0.7052,#696969,,0.002075,
REGN10987,113,443,S,A,E,443,,2.093,0.7986,#696969,,0.00208,
REGN10987,114,444,K,L,E,444,,17.38,0.9938,#696969,,0.969,
REGN10987,115,445,V,T,E,445,,16.54,1,#696969,,0.9465,
REGN10987,119,449,Y,F,E,449,,0.308,0.2707,#696969,,0.002075,
REGN10987,120,450,N,G,E,450,,1.896,0.9781,#696969,,0.002076,
REGN10987,129,459,S,A,E,459,,0.03736,0.00208,#696969,,0.002071,
REGN10987,130,460,N,K,E,460,,0.04108,0.005806,#696969,,0.002074,
REGN10987,148,478,T,K,E,478,,0.03941,0.002078,#696969,,0.002078,
REGN10987,153,483,V,Q,E,483,,0.04435,0.009066,#696969,,0.002076,
REGN10987,154,484,E,K,E,484,,0.03941,0.00208,#696969,,0.002075,
REGN10987,154,484,E,T,E,484,,0.03941,0.00208,#696969,,0.002066,
REGN10987,156,486,F,L,E,486,,0.03943,0.002079,#696969,,0.002076,
REGN10987,160,490,F,Y,E,490,,0.03944,0.00208,#696969,,0.002071,
REGN10987,163,493,Q,E,E,493,,0.03787,0.002591,#696969,,0.002076,
REGN10987,163,493,Q,Y,E,493,,0.03787,0.002591,#696969,,0.002076,
REGN10987,164,494,S,R,E,494,,0.03165,0.002589,#696969,,0.002075,
REGN10987,168,498,Q,H,E,498,,0.3489,0.2834,#696969,,0.002081,
REGN10987,168,498,Q,Y,E,498,,0.3489,0.2834,#696969,,0.008974,
REGN10987,171,501,N,T,E,501,,0.03319,0.002079,#696969,,0.002076,
REGN10987,171,501,N,Y,E,501,,0.03319,0.002079,#696969,,0.002071,
REGN10987,174,504,G,N,E,504,,0.03944,0.002083,#696969,,0.002071,
REGN10987,175,505,Y,H,E,505,,0.01297,0.002584,#696969,,0.002079,
REGN10987,178,508,Y,F,E,508,,0.01662,0.002082,#696969,,0.002077,
REGN10987,189,519,H,N,E,519,,0.1124,0.0518,#696969,,0.002074,
REGN10987,190,520,A,G,E,520,,0.03579,0.00259,#696969,,0.00259,
REGN10987,199,529,K,L,E,529,,0.03734,0.002078,#696969,,0.002075,
LY-CoV016,15,345,T,S,A,345,,0.02475,0.005953,functional,,,0.001093
LY-CoV016,16,346,R,K,A,346,,0.07124,0.03801,functional,,,0.01272
LY-CoV016,16,346,R,T,A,346,,0.07124,0.03801,functional,,,0.001093
LY-CoV016,42,372,A,T,A,372,,0.04719,0.01273,functional,,,0.001181
LY-CoV016,72,402,I,V,A,402,,0.03889,0.03216,functional,,,0.005628
LY-CoV016,73,403,R,K,A,403,,0.04887,0.01594,functional,,,0.01594
LY-CoV016,73,403,R,T,A,403,,0.04887,0.01594,functional,,,0.007251
LY-CoV016,87,417,K,N,A,417,,17.83,0.9972,functional,,,0.9963
LY-CoV016,87,417,K,V,A,417,,17.83,0.9972,functional,,,0.9955
LY-CoV016,109,439,N,K,A,439,,0.03038,0.01282,functional,,,0
LY-CoV016,109,439,N,V,A,439,,0.03038,0.01282,functional,,,0.001093
LY-CoV016,109,439,N,Y,A,439,,0.03038,0.01282,functional,,,0.001567
LY-CoV016,110,440,N,H,A,440,,0.07464,0.01274,functional,,,0.01232
LY-CoV016,110,440,N,K,A,440,,0.07464,0.01274,functional,,,0.001093
LY-CoV016,111,441,L,I,A,441,,0.1098,0.08864,functional,,,0.001093
LY-CoV016,111,441,L,Q,A,441,,0.1098,0.08864,functional,,,0.003188
LY-CoV016,113,443,S,A,A,443,,0.02766,0.01443,functional,,,0.01443
LY-CoV016,114,444,K,L,A,444,,0.0349,0.003792,functional,,,0.001093
LY-CoV016,115,445,V,E,A,445,,0.1308,0.03892,functional,,,0.003404
LY-CoV016,115,445,V,T,A,445,,0.1308,0.03892,functional,,,0.001398
LY-CoV016,119,449,Y,F,A,449,,0.04404,0.007298,functional,,,0.003897
LY-CoV016,120,450,N,G,A,450,,0.07775,0.0136,functional,,,0.004472
LY-CoV016,129,459,S,A,A,459,,0.6477,0.597,functional,,,0.004909
LY-CoV016,130,460,N,K,A,460,,15.93,0.9961,functional,,,0.9961
LY-CoV016,148,478,T,K,A,478,,0.03662,0.007877,functional,,,0.001093
LY-CoV016,153,483,V,Q,A,483,,0.05859,0.01592,functional,,,0.00587
LY-CoV016,154,484,E,K,A,484,,0.9369,0.3243,functional,,,0.001093
LY-CoV016,154,484,E,T,A,484,,0.9369,0.3243,functional,,,0.001093
LY-CoV016,154,484,E,V,A,484,,0.9369,0.3243,functional,,,0.02011
LY-CoV016,156,486,F,L,A,486,,4.421,0.8201,functional,,,0.007984
LY-CoV016,160,490,F,Y,A,490,,0.1305,0.06103,functional,,,0.005377
LY-CoV016,163,493,Q,E,A,493,,1.01,0.4914,functional,,,0.001093
LY-CoV016,163,493,Q,Y,A,493,,1.01,0.4914,functional,,,0.01414
LY-CoV016,164,494,S,R,A,494,,0.1496,0.06384,functional,,,0.001093
LY-CoV016,168,498,Q,H,A,498,,0.06488,0.02017,functional,,,0.0174
LY-CoV016,168,498,Q,Y,A,498,,0.06488,0.02017,functional,,,0.001093
LY-CoV016,171,501,N,T,A,501,,1.495,0.484,functional,,,0.04908
LY-CoV016,171,501,N,Y,A,501,,1.495,0.484,functional,,,0.01396
LY-CoV016,174,504,G,N,A,504,,6.418,0.9016,functional,,,0.2844
LY-CoV016,175,505,Y,H,A,505,,0.0653,0.03176,functional,,,0.005483
LY-CoV016,178,508,Y,F,A,508,,0.02635,0.009064,functional,,,0.001093
LY-CoV016,189,519,H,N,A,519,,0.1374,0.06839,functional,,,0.005925
LY-CoV016,190,520,A,G,A,520,,0.1135,0.0219,functional,,,0
LY-CoV016,199,529,K,L,A,529,,0.1006,0.03956,functional,,,0.01096
REGN10933 + REGN10987,15,345,T,S,E,345,,0.01082,0.001857,functional,,,0.001857
REGN10933 + REGN10987,16,346,R,K,E,346,,0.0275,0.001958,functional,,,0.001508
REGN10933 + REGN10987,16,346,R,T,E,346,,0.0275,0.001958,functional,,,0.001398
REGN10933 + REGN10987,42,372,A,T,E,372,,0.03303,0.006688,functional,,,0.001603
REGN10933 + REGN10987,72,402,I,V,E,402,,0.004934,0.002082,functional,,,0.002082
REGN10933 + REGN10987,73,403,R,K,E,403,,0.007495,0.001585,functional,,,0.001505
REGN10933 + REGN10987,73,403,R,T,E,403,,0.007495,0.001585,functional,,,0.001585
REGN10933 + REGN10987,87,417,K,N,E,417,,0.04874,0.008379,functional,,,0.001679
REGN10933 + REGN10987,87,417,K,V,E,417,,0.04874,0.008379,functional,,,0.001063
REGN10933 + REGN10987,109,439,N,K,E,439,,0.07157,0.05335,functional,,,0.004026
REGN10933 + REGN10987,109,439,N,V,E,439,,0.07157,0.05335,functional,,,0.001567
REGN10933 + REGN10987,110,440,N,H,E,440,,0.03014,0.002889,functional,,,0.002038
REGN10933 + REGN10987,110,440,N,K,E,440,,0.03014,0.002889,functional,,,0.001815
REGN10933 + REGN10987,111,441,L,I,E,441,,0.01422,0.002216,functional,,,0.001357
REGN10933 + REGN10987,111,441,L,Q,E,441,,0.01422,0.002216,functional,,,0.001551
REGN10933 + REGN10987,113,443,S,A,E,443,,0.01244,0.001965,functional,,,0.001669
REGN10933 + REGN10987,114,444,K,L,E,444,,0.1063,0.06092,functional,,,0.00184
REGN10933 + REGN10987,115,445,V,E,E,445,,0.04419,0.004519,functional,,,0.002703
REGN10933 + REGN10987,115,445,V,T,E,445,,0.04419,0.004519,functional,,,0.001599
REGN10933 + REGN10987,119,449,Y,F,E,449,,0.02799,0.001578,functional,,,0.00145
REGN10933 + REGN10987,120,450,N,G,E,450,,0.03089,0.003204,functional,,,0.001422
REGN10933 + REGN10987,129,459,S,A,E,459,,0.02631,0.001588,functional,,,0.001458
REGN10933 + REGN10987,130,460,N,K,E,460,,0.02777,0.001915,functional,,,0.001426
REGN10933 + REGN10987,148,478,T,K,E,478,,0.02758,0.001631,functional,,,0.001495
REGN10933 + REGN10987,153,483,V,Q,E,483,,0.02697,0.001623,functional,,,0.001515
REGN10933 + REGN10987,154,484,E,K,E,484,,0.04668,0.01135,functional,,,0.001416
REGN10933 + REGN10987,154,484,E,T,E,484,,0.04668,0.01135,functional,,,0.00194
REGN10933 + REGN10987,154,484,E,V,E,484,,0.04668,0.01135,functional,,,0.003295
REGN10933 + REGN10987,156,486,F,L,E,486,,0.09269,0.02433,functional,,,0.002759
REGN10933 + REGN10987,160,490,F,Y,E,490,,0.02904,0.002517,functional,,,0.001463
REGN10933 + REGN10987,163,493,Q,E,E,493,,0.3921,0.3601,functional,,,0.003142
REGN10933 + REGN10987,163,493,Q,Y,E,493,,0.3921,0.3601,functional,,,0.001975
REGN10933 + REGN10987,164,494,S,R,E,494,,0.02305,0.001641,functional,,,0.00162
REGN10933 + REGN10987,168,498,Q,H,E,498,,0.0287,0.002929,functional,,,0.001009
REGN10933 + REGN10987,168,498,Q,Y,E,498,,0.0287,0.002929,functional,,,0.002929
REGN10933 + REGN10987,171,501,N,T,E,501,,0.02358,0.001583,functional,,,0.001536
REGN10933 + REGN10987,171,501,N,Y,E,501,,0.02358,0.001583,functional,,,0.001429
REGN10933 + REGN10987,174,504,G,N,E,504,,0.02876,0.00216,functional,,,0.001494
REGN10933 + REGN10987,175,505,Y,H,E,505,,0.009147,0.001739,functional,,,0.001493
REGN10933 + REGN10987,178,508,Y,F,E,508,,0.01262,0.002333,functional,,,0.001542
REGN10933 + REGN10987,189,519,H,N,E,519,,0.01944,0.001799,functional,,,0.001499
REGN10933 + REGN10987,190,520,A,G,E,520,,0.02467,0.001598,functional,,,0.000975
REGN10933 + REGN10987,199,529,K,L,E,529,,0.02728,0.002191,functional,,,0.001515
REGN10933,15,345,T,S,E,345,,0.01565,0.004604,functional,,,0.003008
REGN10933,16,346,R,K,E,346,,0.07234,0.02114,functional,,,0.001125
REGN10933,16,346,R,T,E,346,,0.07234,0.02114,functional,,,0.009405
REGN10933,42,372,A,T,E,372,,0.05597,0.01366,functional,,,0.00124
REGN10933,72,402,I,V,E,402,,0.02482,0.02017,functional,,,0.003531
REGN10933,73,403,R,T,E,403,,0.01352,0.005701,functional,,,0.001125
REGN10933,87,417,K,N,E,417,,4.555,0.8196,functional,,,0.003173
REGN10933,87,417,K,V,E,417,,4.555,0.8196,functional,,,0.02792
REGN10933,109,439,N,K,E,439,,0.03752,0.01552,functional,,,0
REGN10933,109,439,N,V,E,439,,0.03752,0.01552,functional,,,0.001125
REGN10933,110,440,N,H,E,440,,0.0712,0.009207,functional,,,0.002473
REGN10933,110,440,N,K,E,440,,0.0712,0.009207,functional,,,0.004257
REGN10933,111,441,L,I,E,441,,0.07035,0.05488,functional,,,0.001125
REGN10933,111,441,L,Q,E,441,,0.07035,0.05488,functional,,,0.001635
REGN10933,113,443,S,A,E,443,,0.02013,0.0038,functional,,,0.001125
REGN10933,114,444,K,L,E,444,,0.0516,0.009312,functional,,,0.001125
REGN10933,115,445,V,E,E,445,,0.05938,0.0101,functional,,,0.002399
REGN10933,115,445,V,T,E,445,,0.05938,0.0101,functional,,,0.001125
REGN10933,119,449,Y,F,E,449,,0.04662,0.007334,functional,,,0.001125
REGN10933,120,450,N,G,E,450,,0.07201,0.0117,functional,,,0.001125
REGN10933,129,459,S,A,E,459,,0.04876,0.008479,functional,,,0.001313
REGN10933,130,460,N,K,E,460,,0.05925,0.02696,functional,,,0.001719
REGN10933,148,478,T,K,E,478,,0.06137,0.01131,functional,,,0.001125
REGN10933,153,483,V,Q,E,483,,0.04267,0.007235,functional,,,0.007235
REGN10933,154,484,E,K,E,484,,3.038,0.5552,functional,,,0.008034
REGN10933,154,484,E,T,E,484,,3.038,0.5552,functional,,,0.009118
REGN10933,154,484,E,V,E,484,,3.038,0.5552,functional,,,0.5552
REGN10933,156,486,F,L,E,486,,14.32,0.9875,functional,,,0.2666
REGN10933,160,490,F,Y,E,490,,0.0753,0.02526,functional,,,0.001125
REGN10933,163,493,Q,E,E,493,,5.031,0.7925,functional,,,0.7195
REGN10933,163,493,Q,Y,E,493,,5.031,0.7925,functional,,,0.6379
REGN10933,164,494,S,R,E,494,,0.05958,0.01418,functional,,,0.003385
REGN10933,168,498,Q,H,E,498,,0.03628,0.008501,functional,,,0.003255
REGN10933,168,498,Q,Y,E,498,,0.03628,0.008501,functional,,,0.001125
REGN10933,171,501,N,T,E,501,,0.06835,0.01264,functional,,,0.009383
REGN10933,171,501,N,Y,E,501,,0.06835,0.01264,functional,,,0.003267
REGN10933,174,504,G,N,E,504,,0.04312,0.007605,functional,,,0.001592
REGN10933,175,505,Y,H,E,505,,0.02695,0.009064,functional,,,0.002066
REGN10933,178,508,Y,F,E,508,,0.02779,0.0101,functional,,,0.003699
REGN10933,189,519,H,N,E,519,,0.0621,0.0249,functional,,,0.001125
REGN10933,190,520,A,G,E,520,,0.1025,0.05017,functional,,,0.002746
REGN10933,199,529,K,L,E,529,,0.04285,0.0105,functional,,,0.001125
REGN10987,15,345,T,S,E,345,,0.01452,0.002077,functional,,,0.002069
REGN10987,16,346,R,K,E,346,,0.03736,0.002078,functional,,,0.002074
REGN10987,16,346,R,T,E,346,,0.03736,0.002078,functional,,,0.002076
REGN10987,42,372,A,T,E,372,,0.03736,0.002078,functional,,,0.002076
REGN10987,72,402,I,V,E,402,,0.006233,0.002082,functional,,,0.002075
REGN10987,73,403,R,K,E,403,,0.01038,0.002083,functional,,,0.002075
REGN10987,73,403,R,T,E,403,,0.01038,0.002083,functional,,,0.002074
REGN10987,87,417,K,N,E,417,,0.03943,0.002079,functional,,,0.002069
REGN10987,87,417,K,V,E,417,,0.03943,0.002079,functional,,,0.002075
REGN10987,109,439,N,K,E,439,,2.204,0.8449,functional,,,0.06063
REGN10987,109,439,N,V,E,439,,2.204,0.8449,functional,,,0.002078
REGN10987,110,440,N,H,E,440,,6.61,0.9579,functional,,,0.002594
REGN10987,110,440,N,K,E,440,,6.61,0.9579,functional,,,0.565
REGN10987,111,441,L,I,E,441,,0.7219,0.7052,functional,,,0.002079
REGN10987,111,441,L,Q,E,441,,0.7219,0.7052,functional,,,0.002075
REGN10987,113,443,S,A,E,443,,2.093,0.7986,functional,,,0.00208
REGN10987,114,444,K,L,E,444,,17.38,0.9938,functional,,,0.969
REGN10987,115,445,V,E,E,445,,16.54,1,functional,,,0.9936
REGN10987,115,445,V,T,E,445,,16.54,1,functional,,,0.9465
REGN10987,119,449,Y,F,E,449,,0.308,0.2707,functional,,,0.002075
REGN10987,120,450,N,G,E,450,,1.896,0.9781,functional,,,0.002076
REGN10987,129,459,S,A,E,459,,0.03736,0.00208,functional,,,0.002071
REGN10987,130,460,N,K,E,460,,0.04108,0.005806,functional,,,0.002074
REGN10987,148,478,T,K,E,478,,0.03941,0.002078,functional,,,0.002078
REGN10987,153,483,V,Q,E,483,,0.04435,0.009066,functional,,,0.002076
REGN10987,154,484,E,K,E,484,,0.03941,0.00208,functional,,,0.002075
REGN10987,154,484,E,T,E,484,,0.03941,0.00208,functional,,,0.002066
REGN10987,154,484,E,V,E,484,,0.03941,0.00208,functional,,,0.002075
REGN10987,156,486,F,L,E,486,,0.03943,0.002079,functional,,,0.002076
REGN10987,160,490,F,Y,E,490,,0.03944,0.00208,functional,,,0.002071
REGN10987,163,493,Q,E,E,493,,0.03787,0.002591,functional,,,0.002076
REGN10987,163,493,Q,Y,E,493,,0.03787,0.002591,functional,,,0.002076
REGN10987,164,494,S,R,E,494,,0.03165,0.002589,functional,,,0.002075
REGN10987,168,498,Q,H,E,498,,0.3489,0.2834,functional,,,0.002081
REGN10987,168,498,Q,Y,E,498,,0.3489,0.2834,functional,,,0.008974
REGN10987,171,501,N,T,E,501,,0.03319,0.002079,functional,,,0.002076
REGN10987,171,501,N,Y,E,501,,0.03319,0.002079,functional,,,0.002071
REGN10987,174,504,G,N,E,504,,0.03944,0.002083,functional,,,0.002071
REGN10987,175,505,Y,H,E,505,,0.01297,0.002584,functional,,,0.002079
REGN10987,178,508,Y,F,E,508,,0.01662,0.002082,functional,,,0.002077
REGN10987,189,519,H,N,E,519,,0.1124,0.0518,functional,,,0.002074
REGN10987,190,520,A,G,E,520,,0.03579,0.00259,functional,,,0.00259
REGN10987,199,529,K,L,E,529,,0.03734,0.002078,functional,,,0.002075